Site,Constituent,c_nounits,STORET,Units,Date Range,Count,Methods,Nr. Non-Detects,Detection Rate,DateOfMax,Min,25th %ile,Mean,Median,75th %ile,Max,DL min,DL max,mann-kendall stats,trend,s,p,slope,intercept,Action,Notes
570001,Alkalinity (mg/L),Alkalinity,410,mg/L,2020-2022,5,['SM 2320B'],0,100.0,2020-07-09,140.0,160.0,166.0,160.0,180.0,190.0,2.0,2.0,"Mann_Kendall_Test(trend='no trend', h=False, p=0.3122163883433191, z=-1.0105823052798228, Tau=-0.5, s=-5.0, var_s=15.666666666666666, slope=-12.5, intercept=185.0)",no trend,-5.0,0.3122163883433191,-12.5,185.0,TO REVIEW,Pending statistical analysis
570001,DEET (ng/L),DEET,WRD36,ng/L,2019-2022,9,['LC-MS-MS'],2,77.77777777777777,2020-04-22,10.0,13.0,35.04761904761907,26.0,40.0,120.0,10.0,100.0,"Mann_Kendall_Test(trend='no trend', h=False, p=0.2514521865080219, z=-1.1468292773139113, Tau=-0.3333333333333333, s=-12.0, var_s=92.0, slope=-4.666666666666666, intercept=46.666666666666664)",no trend,-12.0,0.2514521865080219,-4.666666666666666,46.666666666666664,TO REVIEW,Pending statistical analysis
570001,Field pH (Units),Field pH,400,Units,2019-2022,76,['EPA 150.1'],0,100.0,2021-04-14,6.82,7.14,7.211184210526315,7.21,7.3,7.46,0.0,0.1,"Mann_Kendall_Test(trend='decreasing', h=True, p=1.079504814649468e-06, z=-4.876562525063503, Tau=-0.3814035087719298, s=-1087.0, var_s=49594.333333333336, slope=-0.0025782013685239497, intercept=7.306682551319648)",decreasing,-1087.0,1.079504814649468e-06,-0.0025782013685239497,7.306682551319648,TO REVIEW,Pending statistical analysis
570001,Gemfibrozil (ng/L),Gemfibrozil,WRD100,ng/L,2019-2022,10,['LC-MS-MS'],1,90.0,2020-02-12,14.0,22.0,66.3333333333334,30.0,66.0,500.0,5.0,500.0,"Mann_Kendall_Test(trend='decreasing', h=True, p=0.024763878224479674, z=-2.2450662753346866, Tau=-0.5777777777777777, s=-26.0, var_s=124.0, slope=-8.0, intercept=78.5)",decreasing,-26.0,0.024763878224479674,-8.0,78.5,TO REVIEW,Pending statistical analysis
570001,N-Nitrosodimethylamine (NDMA) (ng/L),N-Nitrosodimethylamine (NDMA),34438,ng/L,2020-2020,9,['EPA 521'],0,100.0,2020-03-25,22.0,26.0,34.55555555555556,35.0,39.0,48.0,2.0,2.0,"Mann_Kendall_Test(trend='no trend', h=False, p=0.9169652366288645, z=-0.10425720702853739, Tau=-0.05555555555555555, s=-2.0, var_s=92.0, slope=-0.75, intercept=38.0)",no trend,-2.0,0.9169652366288645,-0.75,38.0,TO REVIEW,Pending statistical analysis
570001,Source Temperature (F) (Degrees),Source Temperature (F),11,Degrees,2019-2022,26,['FIELD/SM2550B'],0,100.0,2021-07-07,69.0,72.6,74.68076923076924,73.6,76.5,82.0,0.0,0.0,"Mann_Kendall_Test(trend='increasing', h=True, p=0.00019320482079865364, z=3.727739638901771, Tau=0.5230769230769231, s=170.0, var_s=2055.3333333333335, slope=0.31875000000000053, intercept=69.915625)",increasing,170.0,0.00019320482079865364,0.31875000000000053,69.915625,TO REVIEW,Pending statistical analysis
570001,Sucralose (ng/L),Sucralose,WRD108,ng/L,2019-2022,39,['LC-MS-MS'],0,100.0,2020-11-04,23000.0,39000.0,49205.128205128196,50000.0,57000.0,75000.0,1000.0,10000.0,"Mann_Kendall_Test(trend='increasing', h=True, p=4.6870220733907786e-05, z=4.070709239434958, Tau=0.45479082321187586, s=337.0, var_s=6813.0, slope=607.1428571428571, intercept=38464.28571428572)",increasing,337.0,4.6870220733907786e-05,607.1428571428571,38464.28571428572,TO REVIEW,Pending statistical analysis
570001,Temperature (Degrees),Temperature,10,Degrees,2021-2022,50,['FIELD/SM2550B'],0,100.0,2021-08-18,20.7,22.9,25.062000000000005,24.5,27.8,29.4,0.0,0.1,"Mann_Kendall_Test(trend='decreasing', h=True, p=7.295931905937358e-05, z=-3.9664230395748925, Tau=-0.3877551020408163, s=-475.0, var_s=14281.0, slope=-0.125, intercept=27.6125)",decreasing,-475.0,7.295931905937358e-05,-0.125,27.6125,TO REVIEW,Pending statistical analysis
570001,Total Chlorine Residual (mg/L),Total Chlorine Residual,50060,mg/L,2019-2022,75,['SM 4500-CL G'],1,98.66666666666667,2021-05-12,0.01,1.5,1.8102666666666576,1.57,1.69,15.3,0.0,0.01,"Mann_Kendall_Test(trend='no trend', h=False, p=0.40721759462253115, z=-0.8287999887202989, Tau=-0.06558558558558558, s=-182.0, var_s=47693.333333333336, slope=-0.0010000000000000009, intercept=1.6070000000000002)",no trend,-182.0,0.40721759462253115,-0.0010000000000000009,1.6070000000000002,TO REVIEW,Pending statistical analysis
570001,Total Organic Carbon (mg/L),Total Organic Carbon,680,mg/L,2019-2022,141,['SM  5310C' 'SM 5310 C'],1,99.29078014184397,2021-12-08,0.3,6.2,6.509787234042558,6.6,6.9,15.0,0.2,6.0,"Mann_Kendall_Test(trend='increasing', h=True, p=2.9779604399537973e-05, z=4.175145204332293, Tau=0.23687943262411348, s=2338.0, var_s=313310.0, slope=0.005479452054794526, intercept=6.216438356164383)",increasing,2338.0,2.9779604399537973e-05,0.005479452054794526,6.216438356164383,TO REVIEW,Pending statistical analysis
570048,Field pH (Units),Field pH,00400,Units,2021-2022,18,['EPA 150.1'],0,100.0,2022-05-11,5.3,6.5,6.478888888888889,6.51,6.57,6.75,0.0,0.1,"Mann_Kendall_Test(trend='no trend', h=False, p=0.09193861791731028, z=1.685258971051928, Tau=0.29411764705882354, s=45.0, var_s=681.6666666666666, slope=0.003750000000000031, intercept=6.488124999999999)",no trend,45.0,0.09193861791731028,0.003750000000000031,6.488124999999999,TO REVIEW,Pending statistical analysis
570048,Field pH (SU),Field pH,00400,SU,2022-2022,7,['Field Sampling' 'FieldSampling'],1,85.71428571428572,2022-07-06,6.28,6.38,6.427619047619047,6.46,6.5,6.5,0.0,0.0,"Mann_Kendall_Test(trend='no trend', h=False, p=0.6380424517344214, z=-0.470437536140385, Tau=-0.19047619047619047, s=-4.0, var_s=40.666666666666664, slope=-0.010000000000000231, intercept=6.510000000000002)",no trend,-4.0,0.6380424517344214,-0.010000000000000231,6.510000000000002,TO REVIEW,Pending statistical analysis
570048,Lab pH (Units),Lab pH,00403,Units,2022-2022,5,['SM4500-HB'],0,100.0,2022-06-01,7.3,7.4,7.52,7.6,7.6,7.7,0.1,0.1,"Mann_Kendall_Test(trend='no trend', h=False, p=0.12955135290440878, z=1.5158734579197342, Tau=0.7, s=7.0, var_s=15.666666666666666, slope=0.1, intercept=7.3999999999999995)",no trend,7.0,0.12955135290440878,0.1,7.3999999999999995,TO REVIEW,Pending statistical analysis
570048,Alkalinity (mg/L),Alkalinity,00410,mg/L,2022-2022,5,['SM 2320B'],0,100.0,2022-05-03,100.0,110.0,122.0,130.0,130.0,140.0,2.0,2.0,"Mann_Kendall_Test(trend='no trend', h=False, p=1.0, z=0.0, Tau=0.1, s=1.0, var_s=15.666666666666666, slope=1.6666666666666667, intercept=126.66666666666667)",no trend,1.0,1.0,1.6666666666666667,126.66666666666667,TO REVIEW,Pending statistical analysis
570048,Anion Sum (meq/L),Anion Sum,04208,meq/L,2022-2022,5,['SM 1030E'],0,100.0,2022-06-01,9.1,10.0,10.42,11.0,11.0,11.0,0.001,0.001,"Mann_Kendall_Test(trend='no trend', h=False, p=1.0, z=0.0, Tau=-0.1, s=-1.0, var_s=13.0, slope=0.0, intercept=11.0)",no trend,-1.0,1.0,0.0,11.0,TO REVIEW,Pending statistical analysis
570048,"Bicarbonate as HCO3, Calculated (mg/L)","Bicarbonate as HCO3, Calculated",00440,mg/L,2022-2022,5,['SM2330B'],0,100.0,2022-05-03,120.0,130.0,148.0,160.0,160.0,170.0,2.0,2.0,"Mann_Kendall_Test(trend='no trend', h=False, p=1.0, z=0.0, Tau=0.1, s=1.0, var_s=15.666666666666666, slope=1.6666666666666667, intercept=156.66666666666666)",no trend,1.0,1.0,1.6666666666666667,156.66666666666666,TO REVIEW,Pending statistical analysis
570048,Calcium (mg/L),Calcium,00916,mg/L,2022-2022,5,['EPA 200.7'],0,100.0,2022-06-01,53.0,58.0,58.0,59.0,59.0,61.0,1.0,1.0,"Mann_Kendall_Test(trend='no trend', h=False, p=0.6133543559547467, z=0.5052911526399114, Tau=0.3, s=3.0, var_s=15.666666666666666, slope=0.5, intercept=58.0)",no trend,3.0,0.6133543559547467,0.5,58.0,TO REVIEW,Pending statistical analysis
570048,Caffeine (ng/L),Caffeine,81436,ng/L,2019-2019,11,['LC-MS-MS'],6,45.45454545454546,2019-06-05,10.0,0.0,20.545454545454536,0.0,18.0,150.0,10.0,10.0,"Mann_Kendall_Test(trend='no trend', h=False, p=1.0, z=0.0, Tau=-0.01818181818181818, s=-1.0, var_s=135.66666666666666, slope=0.0, intercept=10.0)",no trend,-1.0,1.0,0.0,10.0,TO REVIEW,Pending statistical analysis
570048,Cation Sum (meq/L),Cation Sum,04226,meq/L,2022-2022,5,['SM 1030E'],0,100.0,2022-06-01,9.0,10.0,9.8,10.0,10.0,10.0,0.001,0.001,"Mann_Kendall_Test(trend='no trend', h=False, p=1.0, z=0, Tau=0.0, s=0.0, var_s=8.0, slope=0.0, intercept=10.0)",no trend,0.0,1.0,0.0,10.0,TO REVIEW,Pending statistical analysis
570048,Chloride (mg/L),Chloride,00940,mg/L,2022-2022,5,['EPA 300.0'],0,100.0,2022-06-01,130.0,140.0,146.0,140.0,160.0,160.0,5.0,5.0,"Mann_Kendall_Test(trend='no trend', h=False, p=0.794002680192762, z=0.26111648393354675, Tau=0.2, s=2.0, var_s=14.666666666666666, slope=2.5, intercept=135.0)",no trend,2.0,0.794002680192762,2.5,135.0,TO REVIEW,Pending statistical analysis
570048,Iron (mg/L),Iron,01045,mg/L,2022-2022,5,['EPA 200.7'],0,100.0,2022-06-01,0.024,0.025,0.027800000000000002,0.026,0.031,0.033,0.01,0.01,"Mann_Kendall_Test(trend='no trend', h=False, p=1.0, z=0, Tau=0.0, s=0.0, var_s=16.666666666666668, slope=8.673617379884035e-19, intercept=0.025999999999999995)",no trend,0.0,1.0,8.673617379884035e-19,0.025999999999999995,TO REVIEW,Pending statistical analysis
570048,Fluoride (mg/L),Fluoride,00951,mg/L,2022-2022,5,['SM 4500F-C'],0,100.0,2022-02-01,0.48,0.49,0.522,0.5,0.52,0.62,0.05,0.05,"Mann_Kendall_Test(trend='no trend', h=False, p=1.0, z=0, Tau=0.0, s=0.0, var_s=16.666666666666668, slope=-0.0025000000000000022, intercept=0.505)",no trend,0.0,1.0,-0.0025000000000000022,0.505,TO REVIEW,Pending statistical analysis
570048,"Hardness (Total, as CaCO3) (mg/L)","Hardness (Total, as CaCO3)",00900,mg/L,2022-2022,5,['SM 2340B'],0,100.0,2022-02-01,190.0,210.0,214.0,220.0,220.0,230.0,3.0,3.0,"Mann_Kendall_Test(trend='no trend', h=False, p=1.0, z=0.0, Tau=-0.1, s=-1.0, var_s=15.666666666666666, slope=-1.25, intercept=222.5)",no trend,-1.0,1.0,-1.25,222.5,TO REVIEW,Pending statistical analysis
570048,Potassium (mg/L),Potassium,00937,mg/L,2022-2022,5,['EPA 200.7'],0,100.0,2022-05-03,15.0,17.0,17.400000000000002,18.0,18.0,19.0,1.0,1.0,"Mann_Kendall_Test(trend='no trend', h=False, p=1.0, z=0.0, Tau=0.1, s=1.0, var_s=15.666666666666666, slope=0.16666666666666666, intercept=17.666666666666668)",no trend,1.0,1.0,0.16666666666666666,17.666666666666668,TO REVIEW,Pending statistical analysis
570048,Magnesium (mg/L),Magnesium,00927,mg/L,2022-2022,5,['EPA 200.7'],0,100.0,2022-02-01,14.0,17.0,17.0,17.0,17.0,20.0,0.1,0.1,"Mann_Kendall_Test(trend='no trend', h=False, p=0.5790997419539188, z=-0.5547001962252291, Tau=-0.3, s=-3.0, var_s=13.0, slope=-0.375, intercept=17.75)",no trend,-3.0,0.5790997419539188,-0.375,17.75,TO REVIEW,Pending statistical analysis
570048,N-Nitrosodimethylamine (NDMA) (ng/L),N-Nitrosodimethylamine (NDMA),34438,ng/L,2019-2019,10,['EPA 521'],5,50.0,2019-07-05,2.0,0.0,20.31000000000001,2.3,64.0,67.0,2.0,2.2,"Mann_Kendall_Test(trend='no trend', h=False, p=0.10082020163840166, z=1.6408902387494628, Tau=0.4222222222222222, s=19.0, var_s=120.33333333333333, slope=0.2999999999999998, intercept=0.850000000000001)",no trend,19.0,0.10082020163840166,0.2999999999999998,0.850000000000001,TO REVIEW,Pending statistical analysis
570048,Sodium (mg/L),Sodium,00929,mg/L,2022-2022,5,['EPA 200.7'],0,100.0,2022-06-01,110.0,120.0,122.0,120.0,130.0,130.0,1.0,1.0,"Mann_Kendall_Test(trend='no trend', h=False, p=0.794002680192762, z=0.26111648393354675, Tau=0.2, s=2.0, var_s=14.666666666666666, slope=1.25, intercept=117.5)",no trend,2.0,0.794002680192762,1.25,117.5,TO REVIEW,Pending statistical analysis
570048,Nitrate (as NO3) (mg/L),Nitrate (as NO3),71850,mg/L,2022-2022,5,['EPA 300.0'],0,100.0,2022-04-08,13.0,14.0,16.4,14.0,14.0,27.0,0.55,0.55,"Mann_Kendall_Test(trend='no trend', h=False, p=1.0, z=0.0, Tau=-0.1, s=-1.0, var_s=13.0, slope=0.0, intercept=14.0)",no trend,-1.0,1.0,0.0,14.0,TO REVIEW,Pending statistical analysis
570048,"Total Nitrate, Nitrite-N, CALC (mg/L)","Total Nitrate, Nitrite-N, CALC",A-029,mg/L,2022-2022,5,['EPA 300.0'],0,100.0,2022-04-08,3.2,3.2,3.8599999999999994,3.3,3.5,6.1,0.012,0.05,"Mann_Kendall_Test(trend='no trend', h=False, p=1.0, z=0.0, Tau=0.1, s=1.0, var_s=15.666666666666666, slope=0.04999999999999982, intercept=3.2)",no trend,1.0,1.0,0.04999999999999982,3.2,TO REVIEW,Pending statistical analysis
570048,Nitrate (as N) (mg/L),Nitrate (as N),00620,mg/L,2022-2022,5,['EPA 300.0'],0,100.0,2022-04-08,3.0,3.0,3.7199999999999998,3.2,3.3,6.1,0.12,0.12,"Mann_Kendall_Test(trend='no trend', h=False, p=1.0, z=0.0, Tau=0.1, s=1.0, var_s=15.666666666666666, slope=0.025000000000000022, intercept=3.1500000000000004)",no trend,1.0,1.0,0.025000000000000022,3.1500000000000004,TO REVIEW,Pending statistical analysis
570048,Orthophosphate-P (mg/L),Orthophosphate-P,50786,mg/L,2022-2022,5,['SM 4500P-E'],0,100.0,2022-03-07,0.16,0.22,0.256,0.26,0.3,0.34,0.01,0.01,"Mann_Kendall_Test(trend='no trend', h=False, p=0.4624327264504764, z=0.7348469228349533, Tau=0.4, s=4.0, var_s=16.666666666666668, slope=0.034166666666666665, intercept=0.19166666666666668)",no trend,4.0,0.4624327264504764,0.034166666666666665,0.19166666666666668,TO REVIEW,Pending statistical analysis
570048,Silica (mg/L),Silica,00955,mg/L,2022-2022,5,['EPA 200.7'],0,100.0,2022-06-01,16.0,17.0,17.400000000000002,18.0,18.0,18.0,0.5,0.5,"Mann_Kendall_Test(trend='no trend', h=False, p=1.0, z=0.0, Tau=0.1, s=1.0, var_s=13.0, slope=0.0, intercept=18.0)",no trend,1.0,1.0,0.0,18.0,TO REVIEW,Pending statistical analysis
570048,Strontium (mg/L),Strontium,01082,mg/L,2022-2022,5,['EPA 200.7'],0,100.0,2022-06-01,0.44,0.53,0.52,0.54,0.54,0.55,0.01,0.01,"Mann_Kendall_Test(trend='no trend', h=False, p=1.0, z=0.0, Tau=0.1, s=1.0, var_s=15.666666666666666, slope=0.0012500000000000011, intercept=0.5375000000000001)",no trend,1.0,1.0,0.0012500000000000011,0.5375000000000001,TO REVIEW,Pending statistical analysis
570048,Sucralose (ng/L),Sucralose,WRD108,ng/L,2019-2022,12,['PPCP NEG' 'LC-MS-MS'],7,41.666666666666664,2022-06-23,100.0,0.0,16166.666666666662,0.0,24000.0,92000.0,100.0,10000.0,"Mann_Kendall_Test(trend='increasing', h=True, p=0.0012072550378388058, z=3.23716047189386, Tau=0.6515151515151515, s=43.0, var_s=168.33333333333334, slope=3840.0, intercept=-21020.0)",increasing,43.0,0.0012072550378388058,3840.0,-21020.0,TO REVIEW,Pending statistical analysis
570048,Sulfate (mg/L),Sulfate,00945,mg/L,2022-2022,5,['EPA 300.0'],0,100.0,2022-03-07,150.0,160.0,174.0,180.0,190.0,190.0,5.0,5.0,"Mann_Kendall_Test(trend='no trend', h=False, p=0.6133543559547467, z=-0.5052911526399114, Tau=-0.3, s=-3.0, var_s=15.666666666666666, slope=-2.916666666666667, intercept=185.83333333333334)",no trend,-3.0,0.6133543559547467,-2.916666666666667,185.83333333333334,TO REVIEW,Pending statistical analysis
570048,Temperature (Degrees),Temperature,00010,Degrees,2021-2022,18,['FIELD/SM2550B'],0,100.0,2022-05-03,1.56,25.0,26.81444444444444,26.3,28.9,52.2,0.0,0.1,"Mann_Kendall_Test(trend='no trend', h=False, p=0.27166245232517716, z=-1.0992421631894098, Tau=-0.19607843137254902, s=-30.0, var_s=696.0, slope=-0.20714285714285705, intercept=28.96071428571429)",no trend,-30.0,0.27166245232517716,-0.20714285714285705,28.96071428571429,TO REVIEW,Pending statistical analysis
570048,Temperature (Centigrade),Temperature,00010,Centigrade,2022-2022,7,['Field Sampling' 'FieldSampling'],1,85.71428571428572,2022-06-30,27.0,27.3,23.95714285714286,27.8,28.3,28.4,0.0,0.0,"Mann_Kendall_Test(trend='increasing', h=True, p=0.016260936780450264, z=2.4030056367444423, Tau=0.8095238095238095, s=17.0, var_s=44.333333333333336, slope=0.22499999999999964, intercept=27.125)",increasing,17.0,0.016260936780450264,0.22499999999999964,27.125,TO REVIEW,Pending statistical analysis
570048,Total Organic Carbon (mg/L),Total Organic Carbon,00680,mg/L,2021-2022,20,['SM 5310C' '5310C' 'SM  5310C'],0,100.0,2022-07-06,4.0,5.7,6.040500000000001,6.1,6.5,7.53,0.0,0.2,"Mann_Kendall_Test(trend='no trend', h=False, p=0.6494983289346121, z=0.4544592312128368, Tau=0.07894736842105263, s=15.0, var_s=949.0, slope=0.021590909090909167, intercept=5.919886363636363)",no trend,15.0,0.6494983289346121,0.021590909090909167,5.919886363636363,TO REVIEW,Pending statistical analysis
570048,Total Chlorine Residual (mg/L),Total Chlorine Residual,50060,mg/L,2021-2022,24,['Field Sampling' 'FieldSampling' 'SM 4500-CL G'],1,95.83333333333333,2022-06-30,0.59,1.33,1.4717234848484853,1.48,1.7,2.4,0.0,0.01,"Mann_Kendall_Test(trend='no trend', h=False, p=0.11790219949270897, z=1.5636397280635475, Tau=0.2318840579710145, s=64.0, var_s=1623.3333333333333, slope=0.01464285714285712, intercept=1.3166071428571429)",no trend,64.0,0.11790219949270897,0.01464285714285712,1.3166071428571429,TO REVIEW,Pending statistical analysis
570048,UV absorbance at 254 nm (cm -1),UV absorbance at 254 nm,WRD121,cm -1,2022-2022,6,['SM 5910'],1,83.33333333333334,2022-06-01,0.009,0.11,0.09566666666666666,0.114,0.116,0.118,0.009,0.009,"Mann_Kendall_Test(trend='no trend', h=False, p=0.08516790588395584, z=1.7214571252710134, Tau=0.6666666666666666, s=10.0, var_s=27.333333333333332, slope=0.0015000000000000013, intercept=0.11125)",no trend,10.0,0.08516790588395584,0.0015000000000000013,0.11125,TO REVIEW,Pending statistical analysis
570082,Field pH (Units),Field pH,400,Units,2021-2022,82,['EPA 150.1'],0,100.0,2021-07-21,5.06,5.24,5.367073170731708,5.34,5.43,7.1,0.0,0.1,"Mann_Kendall_Test(trend='decreasing', h=True, p=1.8323776951545412e-05, z=-4.284394210791872, Tau=-0.322192110809997, s=-1070.0, var_s=62255.333333333336, slope=-0.0027999999999999935, intercept=5.453399999999999)",decreasing,-1070.0,1.8323776951545412e-05,-0.0027999999999999935,5.453399999999999,TO REVIEW,Pending statistical analysis
570082,N-Nitrosodimethylamine (NDMA) (ng/L),N-Nitrosodimethylamine (NDMA),34438,ng/L,2019-2022,48,['EPA 521'],7,85.41666666666667,2019-09-18,2.0,13.0,29.02916666666669,26.0,38.0,93.0,2.0,2.3,"Mann_Kendall_Test(trend='no trend', h=False, p=0.8938035306771765, z=0.13349296110173678, Tau=0.014184397163120567, s=16.0, var_s=12626.0, slope=0.0, intercept=26.5)",no trend,16.0,0.8938035306771765,0.0,26.5,TO REVIEW,Pending statistical analysis
570082,Sucralose (ng/L),Sucralose,WRD108,ng/L,2019-2022,42,['LC-MS-MS'],36,14.285714285714292,2021-10-07,100.0,0.0,25.476190476190517,0.0,0.0,240.0,100.0,100.0,"Mann_Kendall_Test(trend='increasing', h=True, p=0.0031531710158620996, z=2.9523971412061667, Tau=0.19279907084785133, s=166.0, var_s=3123.3333333333335, slope=0.0, intercept=100.0)",increasing,166.0,0.0031531710158620996,0.0,100.0,TO REVIEW,Pending statistical analysis
570082,Temperature (Degrees),Temperature,10,Degrees,2021-2022,81,['FIELD/SM2550B'],0,100.0,2021-08-18,22.2,23.3,25.5641975308642,25.0,28.2,29.5,0.0,0.1,"Mann_Kendall_Test(trend='no trend', h=False, p=0.13851144107498858, z=1.48135709650096, Tau=0.11234567901234568, s=364.0, var_s=60047.333333333336, slope=0.0181818181818182, intercept=24.272727272727273)",no trend,364.0,0.13851144107498858,0.0181818181818182,24.272727272727273,TO REVIEW,Pending statistical analysis
570082,Total Chlorine Residual (mg/L),Total Chlorine Residual,50060,mg/L,2021-2022,81,['SM 4500-CL G'],0,100.0,2021-02-03,0.15,0.55,0.9330864197530873,0.83,1.21,2.66,0.0,0.01,"Mann_Kendall_Test(trend='decreasing', h=True, p=4.289204710539174e-05, z=-4.091322337486741, Tau=-0.30987654320987656, s=-1004.0, var_s=60100.0, slope=-0.009272486772486772, intercept=1.200899470899471)",decreasing,-1004.0,4.289204710539174e-05,-0.009272486772486772,1.200899470899471,TO REVIEW,Pending statistical analysis
570082,Total Organic Carbon (mg/L),Total Organic Carbon,680,mg/L,2019-2022,151,['SM  5310C'],96,36.423841059602644,2020-07-14,0.2,0.0,0.22560169188157725,0.0,0.31,6.3,0.2,2.0,"Mann_Kendall_Test(trend='no trend', h=False, p=0.16608089514110969, z=-1.3849070365711136, Tau=-0.07328918322295806, s=-830.0, var_s=358317.3333333333, slope=0.0, intercept=0.3)",no trend,-830.0,0.16608089514110969,0.0,0.3,TO REVIEW,Pending statistical analysis
570088,48 Hour Presumptive (PositiveTub),48 Hour Presumptive,J-009,PositiveTub,2020-2022,644,['SM  9221B'],635,1.3975155279503042,2020-07-15,1.0,0.0,0.029503105590064083,0.0,0.0,5.0,0.0,0.0,"Mann_Kendall_Test(trend='no trend', h=False, p=0.41540806648397677, z=-0.814413571452857, Tau=-0.0032649749331066526, s=-676.0, var_s=686938.0, slope=0.0, intercept=1.0)",no trend,-676.0,0.41540806648397677,0.0,1.0,TO REVIEW,Pending statistical analysis
570088,Acetaldehyde (ug/L),Acetaldehyde,77001,ug/L,2019-2022,35,['EPA 556'],23,34.28571428571429,2021-07-07,1.0,0.0,0.5142857142857138,0.0,1.1,2.7,1.0,1.0,"Mann_Kendall_Test(trend='no trend', h=False, p=0.21184369667150982, z=1.2485117813180424, Tau=0.12605042016806722, s=75.0, var_s=3513.0, slope=0.0, intercept=1.0)",no trend,75.0,0.21184369667150982,0.0,1.0,TO REVIEW,Pending statistical analysis
570088,Alkalinity (mg/L),Alkalinity,410,mg/L,2020-2020,6,['SM 2320B'],0,100.0,2020-12-09,42.0,44.0,46.666666666666664,46.0,50.0,50.0,2.0,2.0,"Mann_Kendall_Test(trend='no trend', h=False, p=0.1805996164939243, z=-1.3389110974330103, Tau=-0.5333333333333333, s=-8.0, var_s=27.333333333333332, slope=-1.0, intercept=49.5)",no trend,-8.0,0.1805996164939243,-1.0,49.5,TO REVIEW,Pending statistical analysis
570088,"Alpha, Two Sigma Error (pCi/L)","Alpha, Two Sigma Error",1502,pCi/L,2019-2022,35,['EPA 900.0'],0,100.0,2020-04-15,0.32,0.54,0.6702057142857141,0.66,0.82,1.0,0.0,0.0,"Mann_Kendall_Test(trend='no trend', h=False, p=0.181486264383095, z=-1.3361927982819854, Tau=-0.15966386554621848, s=-95.0, var_s=4949.0, slope=-0.0050000000000000044, intercept=0.7450000000000001)",no trend,-95.0,0.181486264383095,-0.0050000000000000044,0.7450000000000001,TO REVIEW,Pending statistical analysis
570088,Aluminum (ug/L),Aluminum,1105,ug/L,2019-2022,35,['EPA 200.8'],24,31.42857142857143,2022-03-02,20.0,0.0,11.114285714285696,0.0,25.0,71.0,20.0,20.0,"Mann_Kendall_Test(trend='increasing', h=True, p=3.2118470660869036e-07, z=5.1105720989798735, Tau=0.49747899159663866, s=296.0, var_s=3332.0, slope=0.11764705882352941, intercept=18.0)",increasing,296.0,3.2118470660869036e-07,0.11764705882352941,18.0,TO REVIEW,Pending statistical analysis
570088,Anion Sum (meq/L),Anion Sum,4208,meq/L,2020-2020,6,['SM 1030E'],0,100.0,2020-12-10,2.8,2.8,2.8666666666666663,2.8,2.9,3.0,0.001,0.001,"Mann_Kendall_Test(trend='no trend', h=False, p=0.4109480267103225, z=0.822226451793038, Tau=0.3333333333333333, s=5.0, var_s=23.666666666666668, slope=0.020000000000000018, intercept=2.8)",no trend,5.0,0.4109480267103225,0.020000000000000018,2.8,TO REVIEW,Pending statistical analysis
570088,Barium (ug/L),Barium,1007,ug/L,2019-2022,35,['EPA 200.8'],25,28.57142857142857,2020-05-06,2.0,0.0,0.6685714285714285,0.0,2.1,2.6,2.0,2.0,"Mann_Kendall_Test(trend='no trend', h=False, p=0.24450060696820053, z=-1.1638110157405501, Tau=-0.11092436974789915, s=-66.0, var_s=3119.3333333333335, slope=0.0, intercept=2.0)",no trend,-66.0,0.24450060696820053,0.0,2.0,TO REVIEW,Pending statistical analysis
570088,"Beta, Two Sigma Error (pCi/L)","Beta, Two Sigma Error",3502,pCi/L,2019-2022,35,['EPA 900.0'],0,100.0,2020-03-11,0.29,0.42,0.5397171428571428,0.59,0.62,0.77,0.0,0.0,"Mann_Kendall_Test(trend='no trend', h=False, p=0.6486917062792099, z=-0.4555804469898605, Tau=-0.05546218487394958, s=-33.0, var_s=4933.666666666667, slope=-0.0010000000000000009, intercept=0.607)",no trend,-33.0,0.6486917062792099,-0.0010000000000000009,0.607,TO REVIEW,Pending statistical analysis
570088,Boron (mg/L),Boron,1020,mg/L,2019-2022,42,['EPA 200.7'],0,100.0,2021-09-08,0.16,0.2,0.2228571428571429,0.22,0.24,0.29,0.05,0.05,"Mann_Kendall_Test(trend='increasing', h=True, p=6.463888794439043e-06, z=4.510618473374319, Tau=0.4796747967479675, s=413.0, var_s=8343.0, slope=0.001875, intercept=0.18656250000000002)",increasing,413.0,6.463888794439043e-06,0.001875,0.18656250000000002,TO REVIEW,Pending statistical analysis
570088,Bromate (ug/L),Bromate,A-027,ug/L,2019-2022,35,['EPA 317'],23,34.28571428571429,2020-03-11,1.0,0.0,0.5028571428571424,0.0,1.3,2.1,1.0,1.0,"Mann_Kendall_Test(trend='no trend', h=False, p=0.4182938328744177, z=0.809384816778813, Tau=0.08235294117647059, s=49.0, var_s=3517.0, slope=0.0, intercept=1.0)",no trend,49.0,0.4182938328744177,0.0,1.0,TO REVIEW,Pending statistical analysis
570088,Bromate by UV/VIS (ug/L),Bromate by UV/VIS,A-027,ug/L,2019-2022,35,['EPA 317'],23,34.28571428571429,2020-03-11,1.0,0.0,0.5028571428571424,0.0,1.3,2.1,1.0,1.0,"Mann_Kendall_Test(trend='no trend', h=False, p=0.4182938328744177, z=0.809384816778813, Tau=0.08235294117647059, s=49.0, var_s=3517.0, slope=0.0, intercept=1.0)",no trend,49.0,0.4182938328744177,0.0,1.0,TO REVIEW,Pending statistical analysis
570088,Bromodichloromethane (ug/L),Bromodichloromethane,32101,ug/L,2019-2022,35,['EPA 524.2'],2,94.28571428571429,2021-08-04,0.5,2.0,2.899714285714286,3.1,3.7,5.8,0.5,0.5,"Mann_Kendall_Test(trend='increasing', h=True, p=0.0002271527320856226, z=3.686731578768878, Tau=0.4369747899159664, s=260.0, var_s=4935.333333333333, slope=0.08571428571428573, intercept=1.6428571428571428)",increasing,260.0,0.0002271527320856226,0.08571428571428573,1.6428571428571428,TO REVIEW,Pending statistical analysis
570088,Calcium (mg/L),Calcium,916,mg/L,2019-2022,48,['EPA 200.7'],0,100.0,2020-04-22,3.3,11.0,19.812500000000004,23.0,27.0,38.0,1.0,1.0,"Mann_Kendall_Test(trend='decreasing', h=True, p=0.028360214361756286, z=-2.1922672596930117, Tau=-0.21897163120567376, s=-247.0, var_s=12591.666666666666, slope=-0.23684210526315788, intercept=29.065789473684212)",decreasing,-247.0,0.028360214361756286,-0.23684210526315788,29.065789473684212,TO REVIEW,Pending statistical analysis
570088,Cation Sum (meq/L),Cation Sum,4226,meq/L,2020-2020,6,['SM 1030E'],0,100.0,2020-12-17,2.6,2.6,2.716666666666667,2.7,2.8,2.8,0.001,0.001,"Mann_Kendall_Test(trend='no trend', h=False, p=0.4109480267103225, z=0.822226451793038, Tau=0.3333333333333333, s=5.0, var_s=23.666666666666668, slope=0.019999999999999928, intercept=2.7)",no trend,5.0,0.4109480267103225,0.019999999999999928,2.7,TO REVIEW,Pending statistical analysis
570088,Chlorate (ug/L),Chlorate,A-037,ug/L,2019-2022,35,['EPA 300.0'],0,100.0,2019-06-26,150.0,210.0,364.5714285714285,360.0,490.0,820.0,10.0,50.0,"Mann_Kendall_Test(trend='decreasing', h=True, p=0.04343980835965566, z=-2.019456363624719, Tau=-0.24033613445378152, s=-143.0, var_s=4944.333333333333, slope=-3.8461538461538463, intercept=425.38461538461536)",decreasing,-143.0,0.04343980835965566,-3.8461538461538463,425.38461538461536,TO REVIEW,Pending statistical analysis
570088,Chloride (mg/L),Chloride,940,mg/L,2019-2022,48,['EPA 300.0'],0,100.0,2020-04-22,5.0,12.0,42.66250000000001,55.0,64.0,82.0,0.5,1.0,"Mann_Kendall_Test(trend='decreasing', h=True, p=0.002258190996254017, z=-3.053990675412254, Tau=-0.3049645390070922, s=-344.0, var_s=12614.0, slope=-0.7418831168831169, intercept=72.93425324675324)",decreasing,-344.0,0.002258190996254017,-0.7418831168831169,72.93425324675324,TO REVIEW,Pending statistical analysis
570088,Chloroform (Trichloromethane) (ug/L),Chloroform (Trichloromethane),32106,ug/L,2019-2022,35,['EPA 524.2'],0,100.0,2021-05-05,1.8,6.7,9.525714285714283,8.8,13.0,19.0,0.5,0.5,"Mann_Kendall_Test(trend='increasing', h=True, p=0.0037128348429851243, z=2.901582091972515, Tau=0.3445378151260504, s=205.0, var_s=4943.0, slope=0.18181818181818182, intercept=5.70909090909091)",increasing,205.0,0.0037128348429851243,0.18181818181818182,5.70909090909091,TO REVIEW,Pending statistical analysis
570088,Field pH (Units),Field pH,400,Units,2019-2022,452,['EPA 150.1'],0,100.0,2022-04-02,6.5,6.9,7.104314159292036,7.11,7.29,8.68,0.0,0.1,"Mann_Kendall_Test(trend='no trend', h=False, p=0.8798301619191757, z=-0.15118451906594313, Tau=-0.00476816513941487, s=-486.0, var_s=10291266.666666666, slope=0.0, intercept=7.11)",no trend,-486.0,0.8798301619191757,0.0,7.11,TO REVIEW,Pending statistical analysis
570088,"Hardness (Total, as CaCO3) (mg/L)","Hardness (Total, as CaCO3)",900,mg/L,2019-2022,42,['SM 2340B'],0,100.0,2020-04-22,8.2,26.0,49.17142857142858,55.0,68.0,99.0,3.0,3.0,"Mann_Kendall_Test(trend='decreasing', h=True, p=0.03158070155591042, z=-2.1496779023580914, Tau=-0.2311265969802555, s=-199.0, var_s=8483.666666666666, slope=-0.8333333333333334, intercept=72.08333333333334)",decreasing,-199.0,0.03158070155591042,-0.8333333333333334,72.08333333333334,TO REVIEW,Pending statistical analysis
570088,Heterotrophic Plate Count (CFU/ml),Heterotrophic Plate Count,31748,CFU/ml,2020-2020,7,['SM 9215B'],0,100.0,2020-12-10,20.0,76.0,2539.4285714285716,390.0,5700.0,5700.0,1.0,1.0,"Mann_Kendall_Test(trend='no trend', h=False, p=0.6380424517344214, z=-0.470437536140385, Tau=-0.19047619047619047, s=-4.0, var_s=40.666666666666664, slope=-14.0, intercept=432.0)",no trend,-4.0,0.6380424517344214,-14.0,432.0,TO REVIEW,Pending statistical analysis
570088,Hexavalent Chromium (Cr VI) (ug/L),Hexavalent Chromium (Cr VI),1032,ug/L,2019-2022,35,['EPA 218.6'],1,97.14285714285714,2020-01-08,0.02,0.033,0.08231428571428566,0.047,0.13,0.34,0.02,0.02,"Mann_Kendall_Test(trend='decreasing', h=True, p=0.005319144030859979, z=-2.787042878573902, Tau=-0.3310924369747899, s=-197.0, var_s=4945.666666666667, slope=-0.0025555555555555557, intercept=0.09044444444444444)",decreasing,-197.0,0.005319144030859979,-0.0025555555555555557,0.09044444444444444,TO REVIEW,Pending statistical analysis
570088,Magnesium (mg/L),Magnesium,927,mg/L,2019-2022,48,['EPA 200.7'],5,89.58333333333333,2020-04-22,0.1,0.22,0.5466666666666669,0.66,0.79,1.1,0.1,0.1,"Mann_Kendall_Test(trend='no trend', h=False, p=0.32306101334517745, z=-0.9881871232477576, Tau=-0.09929078014184398, s=-112.0, var_s=12617.333333333334, slope=-0.004201680672268912, intercept=0.7837394957983195)",no trend,-112.0,0.32306101334517745,-0.004201680672268912,0.7837394957983195,TO REVIEW,Pending statistical analysis
570088,N-Nitrosodimethylamine (NDMA) (ng/L),N-Nitrosodimethylamine (NDMA),34438,ng/L,2019-2022,35,['EPA 521'],30,14.285714285714292,2021-10-07,2.0,0.0,0.5317460317460296,0.0,0.0,8.1,2.0,2.2,"Mann_Kendall_Test(trend='decreasing', h=True, p=0.005917448705184514, z=-2.7523209952788994, Tau=-0.27563025210084036, s=-164.0, var_s=3507.3333333333335, slope=0.0, intercept=2.0)",decreasing,-164.0,0.005917448705184514,0.0,2.0,TO REVIEW,Pending statistical analysis
570088,Nitrate (as N) (mg/L),Nitrate (as N),620,mg/L,2019-2022,284,['EPA 300.0'],0,100.0,2021-11-01,0.15,0.36,0.47739436619718323,0.42,0.54,1.4,0.05,0.25,"Mann_Kendall_Test(trend='increasing', h=True, p=7.260224902827517e-06, z=4.485913338029362, Tau=0.17849499825809984, s=7173.0, var_s=2556105.6666666665, slope=0.00045454545454545455, intercept=0.35568181818181815)",increasing,7173.0,7.260224902827517e-06,0.00045454545454545455,0.35568181818181815,TO REVIEW,Pending statistical analysis
570088,Nitrate (as NO3) (mg/L),Nitrate (as NO3),71850,mg/L,2019-2022,285,['EPA 300.0'],0,100.0,2021-01-07,0.67,1.6,2.9469824561403546,1.9,2.4,240.0,0.22,22.0,"Mann_Kendall_Test(trend='increasing', h=True, p=7.348690155062343e-06, z=4.483330722376593, Tau=0.17783543365455892, s=7197.0, var_s=2576207.0, slope=0.0019867549668874177, intercept=1.6178807947019866)",increasing,7197.0,7.348690155062343e-06,0.0019867549668874177,1.6178807947019866,TO REVIEW,Pending statistical analysis
570088,Potassium (mg/L),Potassium,937,mg/L,2019-2022,48,['EPA 200.7'],12,75.0,2020-04-22,1.0,0.0,1.7812500000000004,2.3,2.7,3.4,1.0,1.0,"Mann_Kendall_Test(trend='decreasing', h=True, p=0.0038110056066571474, z=-2.893395930057669, Tau=-0.28634751773049644, s=-323.0, var_s=12385.0, slope=-0.024066924066924067, intercept=2.9155727155727154)",decreasing,-323.0,0.0038110056066571474,-0.024066924066924067,2.9155727155727154,TO REVIEW,Pending statistical analysis
570088,Sodium (mg/L),Sodium,929,mg/L,2019-2022,48,['EPA 200.7'],0,100.0,2020-09-02,11.0,19.0,24.437500000000004,26.0,29.0,32.0,1.0,1.0,"Mann_Kendall_Test(trend='no trend', h=False, p=0.05159396870270205, z=-1.9465061601146056, Tau=-0.19414893617021275, s=-219.0, var_s=12543.0, slope=-0.1380952380952381, intercept=29.245238095238093)",no trend,-219.0,0.05159396870270205,-0.1380952380952381,29.245238095238093,TO REVIEW,Pending statistical analysis
570088,Source Temperature (F) (Degrees),Source Temperature (F),11,Degrees,2019-2021,11,['FIELD/SM2550B'],0,100.0,2021-07-11,73.0,74.1,78.2090909090909,78.0,82.0,86.0,0.0,0.0,"Mann_Kendall_Test(trend='no trend', h=False, p=0.10104166257959113, z=1.6398244998303637, Tau=0.4, s=22.0, var_s=164.0, slope=0.8999999999999996, intercept=73.5)",no trend,22.0,0.10104166257959113,0.8999999999999996,73.5,TO REVIEW,Pending statistical analysis
570088,Specific Conductance (umho/cm),Specific Conductance,95,umho/cm,2020-2020,6,['SM2510B'],0,100.0,2020-12-10,290.0,300.0,306.66666666666663,300.0,310.0,330.0,2.0,10.0,"Mann_Kendall_Test(trend='no trend', h=False, p=0.6967274236606604, z=0.3897418814769785, Tau=0.2, s=3.0, var_s=26.333333333333332, slope=2.0, intercept=300.0)",no trend,3.0,0.6967274236606604,2.0,300.0,TO REVIEW,Pending statistical analysis
570088,"Strontium 90, Two Sigma Error (pCi/L)","Strontium 90, Two Sigma Error",13502,pCi/L,2019-2022,35,['EPA 905.0'],0,100.0,2020-01-08,0.127,0.18,0.2659428571428571,0.251,0.344,0.477,0.0,0.0,"Mann_Kendall_Test(trend='no trend', h=False, p=0.08058447770734634, z=-1.7473048185375968, Tau=-0.20840336134453782, s=-124.0, var_s=4955.333333333333, slope=-0.0028888888888888853, intercept=0.30011111111111105)",no trend,-124.0,0.08058447770734634,-0.0028888888888888853,0.30011111111111105,TO REVIEW,Pending statistical analysis
570088,Sulfate (mg/L),Sulfate,945,mg/L,2019-2022,48,['EPA 300.0'],0,100.0,2021-09-08,1.6,3.5,5.158333333333334,4.8,6.5,9.3,0.5,1.0,"Mann_Kendall_Test(trend='increasing', h=True, p=0.049314516843973255, z=1.9658623182251191, Tau=0.19680851063829788, s=222.0, var_s=12638.0, slope=0.039999999999999994, intercept=3.9099999999999997)",increasing,222.0,0.049314516843973255,0.039999999999999994,3.9099999999999997,TO REVIEW,Pending statistical analysis
570088,Temperature (Degrees),Temperature,10,Degrees,2021-2022,440,['FIELD/SM2550B'],0,100.0,2021-09-08,19.8,23.0,25.393181818181816,25.0,28.1,30.7,0.0,0.1,"Mann_Kendall_Test(trend='no trend', h=False, p=0.8400226099893824, z=0.20186455835113284, Tau=0.006450610892524332, s=623.0, var_s=9494249.0, slope=0.0, intercept=25.0)",no trend,623.0,0.8400226099893824,0.0,25.0,TO REVIEW,Pending statistical analysis
570088,Total Chlorine Residual (mg/L),Total Chlorine Residual,50060,mg/L,2019-2022,455,['SM 4500-CL G'],367,19.340659340659343,2019-04-29,0.0,0.0,0.0037389380530973627,0.0,0.0,0.1,0.0,0.1,"Mann_Kendall_Test(trend='decreasing', h=True, p=0.00043457111388400804, z=-3.5181472726598026, Tau=-0.07324393668006003, s=-7565.0, var_s=4622479.666666667, slope=0.0, intercept=0.01)",decreasing,-7565.0,0.00043457111388400804,0.0,0.01,TO REVIEW,Pending statistical analysis
570088,Total Dissolved Solids (TDS) (mg/L),Total Dissolved Solids (TDS),70300,mg/L,2019-2022,48,['E160.1/SM2540C'],0,100.0,2020-04-15,52.0,78.0,137.16666666666669,150.0,180.0,230.0,10.0,10.0,"Mann_Kendall_Test(trend='decreasing', h=True, p=0.0006039092073237828, z=-3.4298526045427793, Tau=-0.3421985815602837, s=-386.0, var_s=12600.0, slope=-2.3076923076923075, intercept=204.23076923076923)",decreasing,-386.0,0.0006039092073237828,-2.3076923076923075,204.23076923076923,TO REVIEW,Pending statistical analysis
570088,Total Kjeldahl Nitrogen (TKN) (mg/L),Total Kjeldahl Nitrogen (TKN),625,mg/L,2019-2022,278,['EPA 351.2'],267,3.9568345323741028,2021-01-07,0.2,0.0,0.06766600198101964,0.0,0.0,16.0,0.2,1.0,"Mann_Kendall_Test(trend='no trend', h=False, p=0.5030632058761149, z=-0.6696778010887737, Tau=-0.009505752798483235, s=-366.0, var_s=297066.6666666667, slope=0.0, intercept=0.2)",no trend,-366.0,0.5030632058761149,0.0,0.2,TO REVIEW,Pending statistical analysis
570088,"Total Nitrate, Nitrite-N, CALC (mg/L)","Total Nitrate, Nitrite-N, CALC",A-029,mg/L,2019-2022,284,['EPA 300.0'],0,100.0,2021-01-07,0.15,0.36,0.6696830985915553,0.42,0.54,55.0,0.05,0.1,"Mann_Kendall_Test(trend='increasing', h=True, p=8.380085845027807e-06, z=4.455236258631298, Tau=0.17727566814313442, s=7124.0, var_s=2556138.6666666665, slope=0.0004545454545454549, intercept=0.3556818181818181)",increasing,7124.0,8.380085845027807e-06,0.0004545454545454549,0.3556818181818181,TO REVIEW,Pending statistical analysis
570088,Total Nitrogen-Calc (mg/L),Total Nitrogen-Calc,WRD32,mg/L,2019-2022,268,['EPA 353-351'],2,99.25373134328358,2021-01-07,0.2,0.36,0.7513432835820708,0.44,0.56,71.0,0.2,0.2,"Mann_Kendall_Test(trend='increasing', h=True, p=2.6608663915128616e-05, z=4.200703701019558, Tau=0.1721448935099782, s=6159.0, var_s=2148994.3333333335, slope=0.0005102040816326532, intercept=0.3718877551020408)",increasing,6159.0,2.6608663915128616e-05,0.0005102040816326532,0.3718877551020408,TO REVIEW,Pending statistical analysis
570088,Total Organic Carbon (mg/L),Total Organic Carbon,680,mg/L,2019-2022,148,['SM  5310C'],97,34.45945945945947,2022-03-30,0.2,0.0,0.14951703464027408,0.22,0.27,0.57,0.2,0.4,"Mann_Kendall_Test(trend='decreasing', h=True, p=0.0023190166169428927, z=-3.046008004078889, Tau=-0.1606913035484464, s=-1748.0, var_s=328945.3333333333, slope=0.0, intercept=0.3)",decreasing,-1748.0,0.0023190166169428927,0.0,0.3,TO REVIEW,Pending statistical analysis
570088,Total Trihalomethanes (ug/L),Total Trihalomethanes,82080,ug/L,2019-2022,35,['EPA 524.2'],0,100.0,2021-05-05,1.8,8.7,12.491428571428568,12.0,16.0,25.0,0.5,0.5,"Mann_Kendall_Test(trend='increasing', h=True, p=0.002307397460153515, z=3.0475179484153343, Tau=0.36134453781512604, s=215.0, var_s=4931.0, slope=0.2727272727272727, intercept=7.363636363636364)",increasing,215.0,0.002307397460153515,0.2727272727272727,7.363636363636364,TO REVIEW,Pending statistical analysis
570088,"Tritium, Two Sigma Error (pCi/L)","Tritium, Two Sigma Error",7001,pCi/L,2019-2022,35,['EPA 906.0'],0,100.0,2019-05-02,124.0,134.0,161.65714285714284,144.0,189.0,348.0,0.0,0.0,"Mann_Kendall_Test(trend='increasing', h=True, p=0.026639151540774897, z=2.2167650417791984, Tau=0.2638655462184874, s=157.0, var_s=4952.333333333333, slope=1.0, intercept=127.0)",increasing,157.0,0.026639151540774897,1.0,127.0,TO REVIEW,Pending statistical analysis
